Transaction Type Index,Transaction Name,Start Time (microseconds),Latency (microseconds),Worker Id (start number),Phase Id (index in config file)
2,Q2,1544677039.526153,1292124,74,0
4,Q4,1544677039.526153,2455030,90,0
8,Q14,1544677039.526154,3916226,55,0
5,Q6,1544677039.526154,225934,6,0
13,Q21,1544677039.526154,3567624,12,0
2,Q2,1544677039.531850,3182081,33,0
4,Q4,1544677039.531850,4624492,66,0
4,Q4,1544677039.582738,734016,60,0
6,Q11,1544677039.582738,3186430,75,0
14,Q22,1544677039.582739,1235502,68,0
8,Q14,1544677039.585090,657128,93,0
8,Q14,1544677039.651295,3442498,6,0
13,Q21,1544677039.673300,4482996,64,0
4,Q4,1544677039.673300,3095829,27,0
6,Q11,1544677039.673301,3769107,14,0
6,Q11,1544677039.673301,2214467,79,0
4,Q4,1544677039.673301,643534,0,0
7,Q12,1544677039.673302,3040625,36,0
9,Q16,1544677039.673302,1611326,51,0
2,Q2,1544677039.673302,3423191,62,0
4,Q4,1544677039.765277,4391102,34,0
14,Q22,1544677039.765277,3677130,56,0
2,Q2,1544677039.766495,2949993,43,0
5,Q6,1544677039.766495,3002641,69,0
13,Q21,1544677039.766495,550279,61,0
5,Q6,1544677039.821010,1462231,42,0
9,Q16,1544677039.821010,6753793,30,0
2,Q2,1544677039.821010,2069947,89,0
2,Q2,1544677039.821010,499048,57,0
14,Q22,1544677039.821011,3621406,9,0
9,Q16,1544677039.821011,2949833,37,0
7,Q12,1544677039.821011,4335352,15,0
1,Q1,1544677039.822168,2947091,20,0
11,Q18,1544677039.822169,2074095,52,0
13,Q21,1544677039.872769,1412073,65,0
14,Q22,1544677040.141289,6432334,93,0
7,Q12,1544677040.181016,3975555,53,0
5,Q6,1544677040.181016,3261418,11,0
2,Q2,1544677040.181016,4727062,38,0
7,Q12,1544677040.181016,616850,97,0
8,Q14,1544677040.217370,2645484,60,0
13,Q21,1544677040.217371,1678779,61,0
13,Q21,1544677040.217371,1199608,0,0
6,Q11,1544677040.220779,6352841,57,0
12,Q19,1544677040.547231,6170540,24,0
1,Q1,1544677040.600958,3555405,47,0
5,Q6,1544677040.697236,4208084,97,0
4,Q4,1544677040.711799,168145,5,0
13,Q21,1544677040.715159,5858497,2,0
1,Q1,1544677040.715159,2147667,81,0
5,Q6,1544677040.715159,1960920,98,0
2,Q2,1544677040.715159,6005896,88,0
13,Q21,1544677040.715159,701820,22,0
5,Q6,1544677040.718520,3438113,68,0
9,Q16,1544677040.718520,4244777,74,0
1,Q1,1544677040.780122,268535,5,0
5,Q6,1544677040.948567,1914218,5,0
5,Q6,1544677041.182491,1493603,42,0
6,Q11,1544677041.184737,411728,51,0
8,Q14,1544677041.184739,5388961,65,0
5,Q6,1544677041.305790,5415259,92,0
1,Q1,1544677041.305790,2850617,82,0
9,Q16,1544677041.306941,943942,96,0
6,Q11,1544677041.306942,3653834,1,0
5,Q6,1544677041.309322,1720348,91,0
7,Q12,1544677041.317567,1358546,22,0
6,Q11,1544677041.317567,458642,0,0
11,Q18,1544677041.375045,5202412,83,0
13,Q21,1544677041.380731,5340229,58,0
6,Q11,1544677041.380731,2775732,31,0
13,Q21,1544677041.383009,1578566,45,0
7,Q12,1544677041.383009,3577856,87,0
1,Q1,1544677041.496192,1946258,51,0
2,Q2,1544677041.675930,1003192,0,0
2,Q2,1544677041.788109,227171,79,0
13,Q21,1544677041.791484,4785585,89,0
4,Q4,1544677041.797112,4923900,61,0
2,Q2,1544677041.797113,2362506,52,0
6,Q11,1544677041.881517,3079327,90,0
4,Q4,1544677041.890502,1638272,84,0
5,Q6,1544677041.890502,1071043,18,0
13,Q21,1544677041.890502,359160,39,0
5,Q6,1544677041.890503,1051602,19,0
9,Q16,1544677041.893859,4881359,32,0
4,Q4,1544677041.893859,4683214,17,0
13,Q21,1544677041.893860,4373081,67,0
1,Q1,1544677041.893860,3067245,41,0
13,Q21,1544677041.893860,1067765,8,0
13,Q21,1544677041.899456,350215,26,0
6,Q11,1544677041.899456,1629100,63,0
4,Q4,1544677041.899456,1042671,59,0
6,Q11,1544677041.899457,4677589,71,0
4,Q4,1544677041.899457,4823076,94,0
9,Q16,1544677041.899457,4424770,46,0
2,Q2,1544677041.899457,3061793,10,0
7,Q12,1544677041.899458,1062199,40,0
5,Q6,1544677041.915108,1613496,79,0
6,Q11,1544677042.149750,280810,39,0
5,Q6,1544677042.149750,792545,26,0
5,Q6,1544677042.150888,4422828,96,0
4,Q4,1544677042.330093,4392358,39,0
4,Q4,1544677042.576420,2385136,98,0
2,Q2,1544677042.576420,3747022,42,0
13,Q21,1544677042.576420,1364985,22,0
4,Q4,1544677042.579787,948808,0,0
13,Q21,1544677042.601212,209195,28,0
5,Q6,1544677042.601212,1210887,48,0
8,Q14,1544677042.602301,3974821,99,0
14,Q22,1544677042.602302,4170452,4,0
2,Q2,1544677042.613566,4719967,36,0
1,Q1,1544677042.613567,3709350,33,0
14,Q22,1544677042.615814,1325608,43,0
14,Q22,1544677042.668721,1143411,27,0
2,Q2,1544677042.668722,3910972,69,0
14,Q22,1544677042.668722,243977,75,0
5,Q6,1544677042.668722,1031687,20,0
6,Q11,1544677042.670968,4101816,37,0
5,Q6,1544677042.710157,3612711,28,0
4,Q4,1544677042.763830,4566822,5,0
9,Q16,1544677042.763830,1236495,81,0
4,Q4,1544677042.763831,1283305,60,0
11,Q18,1544677042.813226,1005157,75,0
4,Q4,1544677042.842504,166862,19,0
4,Q4,1544677042.842505,3737078,59,0
5,Q6,1544677042.842505,3930321,26,0
13,Q21,1544677042.861643,4471790,18,0
5,Q6,1544677042.861643,3461274,45,0
1,Q1,1544677042.861644,1660446,8,0
14,Q22,1544677042.861644,1185555,40,0
9,Q16,1544677042.910188,2882256,19,0
13,Q21,1544677042.930450,194195,91,0
8,Q14,1544677042.984363,7310030,29,0
13,Q21,1544677042.984363,3788468,25,0
14,Q22,1544677042.989981,1148450,78,0
12,Q19,1544677042.989982,4343465,80,0
13,Q21,1544677042.989982,3333406,21,0
13,Q21,1544677042.989982,1532158,50,0
2,Q2,1544677042.989982,378955,3,0
11,Q18,1544677042.989983,2803106,54,0
8,Q14,1544677042.989983,7304490,76,0
2,Q2,1544677042.989983,3335420,16,0
14,Q22,1544677042.989983,3782793,7,0
13,Q21,1544677042.991106,2799280,70,0
2,Q2,1544677042.991106,4345066,44,0
4,Q4,1544677042.991106,1531022,95,0
2,Q2,1544677042.991106,1150692,23,0
2,Q2,1544677042.992233,379137,72,0
5,Q6,1544677042.994477,7300179,77,0
8,Q14,1544677042.994477,3778423,12,0
13,Q21,1544677042.994477,3330871,6,0
13,Q21,1544677042.994477,4341606,73,0
4,Q4,1544677042.996718,1525385,62,0
2,Q2,1544677043.024847,1119345,91,0
1,Q1,1544677043.269408,2521001,3,0
5,Q6,1544677043.271654,194065,72,0
4,Q4,1544677043.330404,6964083,86,0
7,Q12,1544677043.337146,7385771,35,0
4,Q4,1544677043.342754,3993363,55,0
13,Q21,1544677043.342754,962775,14,0
2,Q2,1544677043.342754,2985068,56,0
8,Q14,1544677043.342754,655182,9,0
4,Q4,1544677043.342755,6951796,11,0
14,Q22,1544677043.342755,2447639,51,0
2,Q2,1544677043.342755,1182388,49,0
6,Q11,1544677043.366346,7356546,72,0
6,Q11,1544677043.428882,3907385,0,0
4,Q4,1544677043.428882,2898952,63,0
1,Q1,1544677043.428882,944166,79,0
4,Q4,1544677043.428882,1096217,84,0
13,Q21,1544677043.600565,2189891,20,0
4,Q4,1544677043.713087,347172,48,0
8,Q14,1544677043.713088,6581761,27,0
11,Q18,1544677043.718700,7011017,75,0
14,Q22,1544677043.841319,3494815,22,0
1,Q1,1544677043.841320,2486523,43,0
5,Q6,1544677043.897962,1291076,9,0
4,Q4,1544677043.900231,472871,81,0
4,Q4,1544677043.946837,2479908,60,0
9,Q16,1544677043.946837,955745,40,0
6,Q11,1544677043.960395,6334197,48,0
4,Q4,1544677044.038537,6690988,78,0
14,Q22,1544677044.041961,2285902,23,0
14,Q22,1544677044.044240,3291874,91,0
13,Q21,1544677044.055636,3280722,85,0
13,Q21,1544677044.055636,1133413,64,0
13,Q21,1544677044.055636,1091222,13,0
11,Q18,1544677044.055636,1487368,47,0
1,Q1,1544677044.055637,2371208,15,0
4,Q4,1544677044.055637,6239468,34,0
7,Q12,1544677044.055637,1133533,66,0
4,Q4,1544677044.055637,6673901,82,0
14,Q22,1544677044.055638,4716521,31,0
7,Q12,1544677044.056779,1480603,53,0
14,Q22,1544677044.056780,2370135,68,0
14,Q22,1544677044.059051,1087863,52,0
2,Q2,1544677044.205483,6092646,14,0
8,Q14,1544677044.273084,6456494,79,0
11,Q18,1544677044.273084,4505572,81,0
8,Q14,1544677044.422838,2913455,8,0
8,Q14,1544677044.422838,1797838,62,0
12,Q19,1544677044.422838,2792706,50,0
1,Q1,1544677044.422838,2004067,95,0
13,Q21,1544677044.425084,5872996,84,0
5,Q6,1544677044.425084,721887,49,0
5,Q6,1544677044.802224,5927380,40,0
9,Q16,1544677044.804471,4030038,97,0
6,Q11,1544677044.807845,5057984,38,0
11,Q18,1544677044.860683,2361017,1,0
8,Q14,1544677044.860683,1360025,90,0
11,Q18,1544677044.860684,5874394,41,0
4,Q4,1544677044.860684,1566248,87,0
6,Q11,1544677044.860684,465706,10,0
2,Q2,1544677044.861802,5438945,98,0
6,Q11,1544677044.862922,3969197,74,0
2,Q2,1544677045.046919,1176978,13,0
4,Q4,1544677045.046919,2174518,52,0
6,Q11,1544677045.046919,4818942,49,0
6,Q11,1544677045.089699,415500,9,0
2,Q2,1544677045.089699,1340370,64,0
8,Q14,1544677045.089700,5211001,66,0
2,Q2,1544677045.227082,5509980,10,0
4,Q4,1544677045.406040,3426107,9,0
1,Q1,1544677045.437565,4428434,53,0
13,Q21,1544677045.443198,884704,47,0
2,Q2,1544677045.689709,223941,70,0
1,Q1,1544677045.689709,2753293,51,0
2,Q2,1544677045.689710,1288447,3,0
5,Q6,1544677045.689710,4611081,20,0
1,Q1,1544677045.691961,5045186,19,0
11,Q18,1544677045.693081,3141594,54,0
6,Q11,1544677045.813750,4052189,70,0
13,Q21,1544677046.120760,281409,62,0
14,Q22,1544677046.120761,2322199,90,0
4,Q4,1544677046.124137,853991,13,0
4,Q4,1544677046.166956,172626,67,0
4,Q4,1544677046.223217,4077485,28,0
13,Q21,1544677046.223217,4513920,45,0
4,Q4,1544677046.223217,5835904,33,0
5,Q6,1544677046.223218,3642827,21,0
14,Q22,1544677046.223218,370519,42,0
14,Q22,1544677046.224335,2218675,46,0
6,Q11,1544677046.225455,752601,6,0
14,Q22,1544677046.225455,219818,16,0
2,Q2,1544677046.227691,4075564,56,0
13,Q21,1544677046.227692,366094,63,0
14,Q22,1544677046.227692,4509471,43,0
5,Q6,1544677046.227692,3638648,23,0
9,Q16,1544677046.227692,5893562,47,0
4,Q4,1544677046.238898,2204076,67,0
6,Q11,1544677046.301632,676497,62,0
4,Q4,1544677046.327331,184987,60,0
9,Q16,1544677046.327331,4031503,15,0
8,Q14,1544677046.327331,4409776,95,0
9,Q16,1544677046.327332,5848113,68,0
5,Q6,1544677046.327332,3538652,87,0
14,Q22,1544677046.330682,465217,64,0
4,Q4,1544677046.345281,2097718,16,0
4,Q4,1544677046.412830,869281,60,0
8,Q14,1544677046.473654,590699,57,0
4,Q4,1544677046.473654,5645236,2,0
9,Q16,1544677046.473654,8061489,93,0
5,Q6,1544677046.473654,4263467,65,0
8,Q14,1544677046.473655,3392674,96,0
14,Q22,1544677046.474780,321126,30,0
13,Q21,1544677046.477033,1624837,17,0
11,Q18,1544677046.477033,8058733,99,0
4,Q4,1544677046.477034,805062,71,0
7,Q12,1544677046.477034,1966102,89,0
6,Q11,1544677046.477034,4260090,83,0
2,Q2,1544677046.479287,5640521,59,0
4,Q4,1544677046.479287,3387184,69,0
13,Q21,1544677046.493925,1949295,42,0
11,Q18,1544677046.493925,1093038,63,0
14,Q22,1544677046.617305,664773,24,0
8,Q14,1544677046.620677,7915031,58,0
13,Q21,1544677046.620677,1481168,61,0
8,Q14,1544677046.620677,6575898,88,0
4,Q4,1544677046.620677,5499000,92,0
8,Q14,1544677046.621809,3244782,39,0
14,Q22,1544677046.622933,963772,94,0
4,Q4,1544677046.672333,609759,4,0
4,Q4,1544677046.672333,1770857,7,0
4,Q4,1544677046.672334,1429532,37,0
5,Q6,1544677046.672334,5446510,26,0
8,Q14,1544677046.672334,7863433,25,0
5,Q6,1544677046.672334,6524334,12,0
4,Q4,1544677046.674571,3192005,32,0
13,Q21,1544677046.695854,1312259,64,0
13,Q21,1544677046.695854,1747323,30,0
5,Q6,1544677046.878947,496928,6,0
9,Q16,1544677046.878947,1283638,13,0
14,Q22,1544677046.878948,6317705,62,0
14,Q22,1544677046.878948,7656807,3,0
6,Q11,1544677046.964474,5154366,57,0
7,Q12,1544677047.116365,2750218,50,0
14,Q22,1544677047.121989,886141,52,0
2,Q2,1544677047.121990,2201093,1,0
13,Q21,1544677047.182765,6013976,24,0
4,Q4,1544677047.182766,357228,4,0
7,Q12,1544677047.182766,2965269,71,0
14,Q22,1544677047.182766,7352971,60,0
5,Q6,1544677047.231094,4887713,5,0
1,Q1,1544677047.233353,774795,18,0
5,Q6,1544677047.233353,3611506,80,0
8,Q14,1544677047.234480,2088584,36,0
13,Q21,1544677047.236740,303240,73,0
5,Q6,1544677047.236740,2911329,91,0
13,Q21,1544677047.236740,5960230,55,0
14,Q22,1544677047.236741,4882098,22,0
2,Q2,1544677047.236741,7300984,44,0
6,Q11,1544677047.236741,3608114,0,0
4,Q4,1544677047.236741,771418,8,0
2,Q2,1544677047.236742,2088625,85,0
4,Q4,1544677047.276147,333245,6,0
9,Q16,1544677047.439193,2769756,73,0
2,Q2,1544677047.439206,7101411,4,0
14,Q22,1544677047.486143,5710940,94,0
4,Q4,1544677047.486143,4632856,63,0
4,Q4,1544677047.509631,3335248,6,0
14,Q22,1544677047.908106,1417189,64,0
1,Q1,1544677047.908106,267567,52,0
5,Q6,1544677047.908106,198252,18,0
11,Q18,1544677047.908107,2301962,8,0
5,Q6,1544677048.001007,5195627,61,0
4,Q4,1544677048.001007,6539539,37,0
13,Q21,1544677048.001007,4172504,17,0
6,Q11,1544677048.005693,2839085,18,0
7,Q12,1544677048.062096,582337,13,0
4,Q4,1544677048.076201,1249154,52,0
4,Q4,1544677048.342721,4854369,90,0
4,Q4,1544677048.342721,168756,67,0
11,Q18,1544677048.342721,6203732,16,0
5,Q6,1544677048.342721,3622187,51,0
9,Q16,1544677048.342721,3883523,46,0
2,Q2,1544677048.342722,2505460,89,0
2,Q2,1544677048.342722,1171211,30,0
12,Q19,1544677048.342722,1240991,7,0
2,Q2,1544677048.342722,292821,42,0
7,Q12,1544677048.412082,3552882,67,0
14,Q22,1544677048.535931,6010109,42,0
13,Q21,1544677048.544027,4653166,13,0
14,Q22,1544677048.671825,5665299,31,0
1,Q1,1544677048.678878,2169231,81,0
4,Q4,1544677048.731748,782123,74,0
12,Q19,1544677048.731748,1975047,9,0
14,Q22,1544677048.734099,200791,97,0
4,Q4,1544677048.735266,3229702,54,0
4,Q4,1544677048.834572,5711423,97,0
2,Q2,1544677049.222194,5764516,36,0
13,Q21,1544677049.222194,3974980,1,0
1,Q1,1544677049.224465,1623798,64,0
14,Q22,1544677049.224466,1482234,52,0
2,Q2,1544677049.224466,410019,85,0
6,Q11,1544677049.414016,279569,74,0
5,Q6,1544677049.414016,2550945,30,0
1,Q1,1544677049.483615,5062370,7,0
13,Q21,1544677049.533595,3663577,85,0
13,Q21,1544677049.593782,5392914,74,0
9,Q16,1544677049.766667,2878103,38,0
12,Q19,1544677049.766668,2198374,49,0
13,Q21,1544677049.766669,1898024,70,0
9,Q16,1544677049.766669,942430,87,0
2,Q2,1544677049.766669,3433462,53,0
1,Q1,1544677049.766669,4779364,21,0
1,Q1,1544677049.766670,267536,96,0
13,Q21,1544677049.766670,5220380,23,0
6,Q11,1544677049.766670,1898119,69,0
4,Q4,1544677049.766671,1369609,32,0
1,Q1,1544677049.766671,2875931,50,0
14,Q22,1544677049.766671,366858,39,0
2,Q2,1544677049.934991,2033416,96,0
4,Q4,1544677050.034088,4512504,39,0
2,Q2,1544677050.048871,4940587,71,0
6,Q11,1544677050.048871,3151242,91,0
6,Q11,1544677050.109219,2533383,73,0
5,Q6,1544677050.110356,1554433,8,0
4,Q4,1544677050.195260,8087495,29,0
6,Q11,1544677050.195261,940989,76,0
14,Q22,1544677050.195261,2621237,86,0
13,Q21,1544677050.195261,196046,11,0
8,Q14,1544677050.195261,4794158,48,0
7,Q12,1544677050.195262,3004853,77,0
1,Q1,1544677050.195262,2447298,27,0
7,Q12,1544677050.195262,1469489,34,0
2,Q2,1544677050.198653,315638,84,0
2,Q2,1544677050.198653,941170,14,0
5,Q6,1544677050.200915,2619915,28,0
5,Q6,1544677050.200915,8081299,66,0
5,Q6,1544677050.200916,2999240,98,0
9,Q16,1544677050.200916,4844347,20,0
13,Q21,1544677050.203174,2439386,56,0
1,Q1,1544677050.259147,1405670,15,0
2,Q2,1544677050.290920,851486,11,0
4,Q4,1544677050.414326,170901,84,0
1,Q1,1544677050.485098,2335772,84,0
6,Q11,1544677050.607180,7675053,52,0
1,Q1,1544677050.607180,2592965,9,0
1,Q1,1544677050.609470,4379986,87,0
6,Q11,1544677050.623147,2019468,72,0
1,Q1,1544677050.623147,2373022,35,0
13,Q21,1544677050.628909,195222,78,0
1,Q1,1544677050.628909,1319047,82,0
13,Q21,1544677050.628909,2192118,79,0
1,Q1,1544677050.628910,7653289,40,0
6,Q11,1544677050.628910,3780437,75,0
6,Q11,1544677050.634609,4409370,41,0
6,Q11,1544677050.636900,2005987,10,0
12,Q19,1544677050.636900,2359356,95,0
14,Q22,1544677050.636900,2183958,65,0
1,Q1,1544677050.636900,1311080,45,0
11,Q18,1544677050.636901,882601,83,0
2,Q2,1544677050.636901,3775893,19,0
2,Q2,1544677050.636901,7646169,43,0
4,Q4,1544677050.724242,4319647,78,0
4,Q4,1544677050.744725,4322115,18,0
8,Q14,1544677050.744725,1203277,0,0
5,Q6,1544677050.744725,2251595,80,0
4,Q4,1544677050.744726,837398,6,0
5,Q6,1544677050.748127,2126831,81,0
11,Q18,1544677050.748127,7538565,89,0
5,Q6,1544677050.748127,3664631,64,0
5,Q6,1544677051.036823,4007088,76,0
4,Q4,1544677051.036823,4029991,32,0
13,Q21,1544677051.040235,1956091,14,0
9,Q16,1544677051.042516,1834821,11,0
2,Q2,1544677051.420079,287129,83,0
5,Q6,1544677051.482820,1392118,6,0
6,Q11,1544677051.564844,6721686,70,0
11,Q18,1544677051.564844,3694629,34,0
2,Q2,1544677051.564845,2850433,8,0
7,Q12,1544677051.564845,3490740,69,0
9,Q16,1544677051.564845,3563523,15,0
13,Q21,1544677051.607091,1213788,83,0
13,Q21,1544677051.847687,1027255,82,0
4,Q4,1544677051.847687,169902,45,0
6,Q11,1544677051.847687,6438860,0,0
14,Q22,1544677051.864831,2550463,51,0
11,Q18,1544677051.864831,3399760,30,0
1,Q1,1544677051.864831,3190704,67,0
5,Q6,1544677051.864832,3206504,54,0
5,Q6,1544677051.864832,1926590,49,0
5,Q6,1544677051.868255,305194,96,0
9,Q16,1544677051.917389,1986865,45,0
8,Q14,1544677051.959637,6326950,33,0
1,Q1,1544677052.018901,2396366,5,0
12,Q19,1544677052.018901,3107347,22,0
9,Q16,1544677052.018902,1834482,57,0
12,Q19,1544677052.018902,1010289,26,0
4,Q4,1544677052.018902,4620819,2,0
1,Q1,1544677052.018902,3245585,63,0
14,Q22,1544677052.018903,1831885,92,0
4,Q4,1544677052.020036,6266538,59,0
4,Q4,1544677052.021175,2394240,47,0
9,Q16,1544677052.073437,6210512,96,0
8,Q14,1544677052.073437,3052801,17,0
2,Q2,1544677052.075666,3190942,68,0
13,Q21,1544677052.125277,1670674,46,0
9,Q16,1544677052.542560,5360773,56,0
13,Q21,1544677052.542560,5744104,27,0
7,Q12,1544677052.542563,1612252,50,0
14,Q22,1544677052.542563,1308200,73,0
1,Q1,1544677052.542563,1872830,72,0
6,Q11,1544677052.542564,5739409,10,0
14,Q22,1544677052.544844,2721732,38,0
2,Q2,1544677052.716632,2162843,86,0
6,Q11,1544677052.721210,1522740,28,0
7,Q12,1544677052.721210,1433697,84,0
14,Q22,1544677052.721210,1694242,65,0
9,Q16,1544677052.721211,5759006,83,0
5,Q6,1544677052.721211,5560770,79,0
9,Q16,1544677052.774862,2161740,6,0
6,Q11,1544677052.774862,5071147,82,0
7,Q12,1544677052.774863,2491724,81,0
1,Q1,1544677052.777144,1377799,11,0
4,Q4,1544677052.896382,1347608,35,0
4,Q4,1544677052.896383,5582021,95,0
5,Q6,1544677052.896383,1518978,14,0
6,Q11,1544677052.896383,5385624,80,0
9,Q16,1544677052.929527,5025411,26,0
4,Q4,1544677053.096215,5471026,88,0
13,Q21,1544677053.096215,1839098,61,0
14,Q22,1544677053.096215,1147857,62,0
2,Q2,1544677053.096216,5383613,12,0
4,Q4,1544677053.096216,1322178,24,0
6,Q11,1544677053.097350,3130269,55,0
4,Q4,1544677053.097351,4855644,94,0
13,Q21,1544677053.097351,5184767,90,0
8,Q14,1544677053.097351,5469786,85,0
14,Q22,1544677053.097351,1321024,1,0
13,Q21,1544677053.097352,1837951,13,0
2,Q2,1544677053.099644,4854140,77,0
1,Q1,1544677053.099644,5182530,91,0
14,Q22,1544677053.099644,3128004,53,0
4,Q4,1544677053.099645,1144403,9,0
6,Q11,1544677053.099645,5380126,98,0
2,Q2,1544677053.691141,4877069,49,0
14,Q22,1544677053.695708,722582,46,0
1,Q1,1544677053.751673,1956014,73,0
4,Q4,1544677053.751674,559719,92,0
1,Q1,1544677053.753946,4725881,57,0
9,Q16,1544677053.804239,2484831,45,0
6,Q11,1544677054.054569,3899176,50,0
5,Q6,1544677054.054569,4227467,84,0
8,Q14,1544677054.054569,4513560,11,0
5,Q6,1544677054.143683,1564109,28,0
12,Q19,1544677054.143683,1124601,35,0
14,Q22,1544677054.143683,1320627,9,0
5,Q6,1544677054.143684,4336140,62,0
9,Q16,1544677054.211119,2129399,92,0
8,Q14,1544677054.237420,4279803,31,0
2,Q2,1544677054.309416,3645704,75,0
6,Q11,1544677054.312863,1394826,64,0
2,Q2,1544677054.312863,4257869,19,0
12,Q19,1544677054.315144,1149225,5,0
4,Q4,1544677054.315145,1790797,51,0
14,Q22,1544677054.315145,3266849,14,0
9,Q16,1544677054.315145,4253581,72,0
4,Q4,1544677054.315145,4164700,47,0
4,Q4,1544677054.315146,4255593,65,0
13,Q21,1544677054.315146,3640225,8,0
2,Q2,1544677054.318584,1392412,46,0
6,Q11,1544677054.318584,1787309,1,0
8,Q14,1544677054.318584,2776242,24,0
8,Q14,1544677054.435093,6727651,93,0
13,Q21,1544677054.436238,4130357,58,0
13,Q21,1544677054.436238,3145712,60,0
1,Q1,1544677054.436238,3518874,3,0
7,Q12,1544677054.436239,4134542,99,0
14,Q22,1544677054.436239,1274741,25,0
11,Q18,1544677054.437380,2663843,44,0
12,Q19,1544677054.440819,6721932,37,0
5,Q6,1544677054.440819,1665008,4,0
7,Q12,1544677054.446540,3135432,7,0
5,Q6,1544677054.446540,3508563,97,0
2,Q2,1544677054.446541,4126864,21,0
2,Q2,1544677054.446541,4120585,42,0
1,Q1,1544677054.446541,1264407,16,0
6,Q11,1544677054.446541,2654508,39,0
1,Q1,1544677054.779696,1326181,86,0
4,Q4,1544677054.835691,6327033,13,0
14,Q22,1544677054.835691,2746302,61,0
13,Q21,1544677054.836843,3730262,6,0
14,Q22,1544677054.887065,3068052,74,0
2,Q2,1544677054.887066,3689028,36,0
9,Q16,1544677054.887066,2059460,23,0
4,Q4,1544677054.890461,2210579,71,0
14,Q22,1544677054.890461,6272414,87,0
5,Q6,1544677054.890462,1215440,48,0
5,Q6,1544677054.943855,2638186,78,0
13,Q21,1544677054.943856,3011576,76,0
6,Q11,1544677054.943856,4081600,41,0
1,Q1,1544677054.944993,3631107,20,0
6,Q11,1544677054.955228,1934860,67,0
13,Q21,1544677054.955228,2145847,69,0
4,Q4,1544677054.966629,1139237,32,0
2,Q2,1544677054.966629,6196627,18,0
2,Q2,1544677054.971195,2614313,54,0
6,Q11,1544677055.025525,5580845,17,0
14,Q22,1544677055.025529,4751332,22,0
12,Q19,1544677055.027796,3548318,15,0
2,Q2,1544677055.159360,1786242,34,0
1,Q1,1544677055.165070,940910,63,0
5,Q6,1544677055.165070,1936036,30,0
1,Q1,1544677055.166217,5996884,38,0
1,Q1,1544677055.166217,2419217,81,0
13,Q21,1544677055.166217,5440134,68,0
14,Q22,1544677055.168494,4608371,35,0
6,Q11,1544677055.364885,4479016,9,0
13,Q21,1544677055.364886,1580658,5,0
4,Q4,1544677055.607138,566205,73,0
1,Q1,1544677055.607138,2872954,64,0
5,Q6,1544677055.608286,5554825,28,0
6,Q11,1544677055.610568,4995780,16,0
8,Q14,1544677055.610569,4166315,25,0
5,Q6,1544677055.610569,1975070,46,0
13,Q21,1544677056.005987,3837873,4,0
14,Q22,1544677056.005987,1150793,32,0
13,Q21,1544677056.005987,2474211,86,0
6,Q11,1544677056.005988,5157202,1,0
13,Q21,1544677056.005988,1579461,48,0
1,Q1,1544677056.005988,339346,51,0
1,Q1,1544677056.005988,4600381,63,0
13,Q21,1544677056.073391,3703491,73,0
1,Q1,1544677056.127105,1029653,55,0
4,Q4,1544677056.128243,3715654,53,0
9,Q16,1544677056.189946,2328769,45,0
5,Q6,1544677056.241290,197135,92,0
14,Q22,1544677056.245830,4917299,51,0
5,Q6,1544677056.339105,1613838,92,0
8,Q14,1544677056.539801,4066914,2,0
13,Q21,1544677056.789977,2986908,67,0
1,Q1,1544677056.845969,2997962,5,0
14,Q22,1544677056.845970,412058,34,0
1,Q1,1544677056.847102,1670116,23,0
14,Q22,1544677056.995167,206692,24,0
5,Q6,1544677057.000895,4162291,71,0
14,Q22,1544677057.000895,952075,39,0
2,Q2,1544677057.000895,3608892,30,0
6,Q11,1544677057.000895,2776156,69,0
1,Q1,1544677057.000896,2843047,44,0
5,Q6,1544677057.056957,293997,55,0
13,Q21,1544677057.056957,2182459,32,0
12,Q19,1544677057.101377,1054595,24,0
6,Q11,1544677057.158564,4004656,34,0
4,Q4,1544677057.251150,701805,55,0
6,Q11,1544677057.481988,3127705,60,0
11,Q18,1544677057.481988,2301011,7,0
14,Q22,1544677057.481988,200999,61,0
4,Q4,1544677057.481989,2361977,14,0
6,Q11,1544677057.481989,1757446,78,0
2,Q2,1544677057.485411,1093423,81,0
1,Q1,1544677057.485411,3677884,48,0
6,Q11,1544677057.485412,537861,54,0
8,Q14,1544677057.485412,3124335,46,0
6,Q11,1544677057.582535,2200226,61,0
5,Q6,1544677057.745987,2097989,82,0
9,Q16,1544677057.804253,937596,56,0
13,Q21,1544677057.853324,359827,92,0
5,Q6,1544677057.853324,1386113,55,0
6,Q11,1544677057.853325,725481,39,0
14,Q22,1544677057.853325,3310035,94,0
1,Q1,1544677057.854456,2755284,50,0
1,Q1,1544677057.854456,3497020,77,0
7,Q12,1544677057.855593,1988479,26,0
13,Q21,1544677057.855593,1383857,97,0
4,Q4,1544677057.855593,1966433,3,0
4,Q4,1544677057.855593,3307629,74,0
13,Q21,1544677057.855594,357576,75,0
5,Q6,1544677057.855594,723213,8,0
1,Q1,1544677057.855594,2754153,76,0
14,Q22,1544677057.922766,3428713,54,0
4,Q4,1544677058.055795,1788276,24,0
14,Q22,1544677058.112849,1709237,92,0
8,Q14,1544677058.112850,1126642,75,0
1,Q1,1544677058.181409,824990,10,0
13,Q21,1544677058.181409,6490269,79,0
4,Q4,1544677058.181413,1334274,80,0
2,Q2,1544677058.181413,5372379,84,0
6,Q11,1544677058.181413,3170314,90,0
14,Q22,1544677058.181414,1640725,91,0
4,Q4,1544677058.181414,2721495,40,0
14,Q22,1544677058.181414,2921587,66,0
13,Q21,1544677058.181417,1334305,52,0
13,Q21,1544677058.181417,824988,29,0
4,Q4,1544677058.183667,6487405,43,0
8,Q14,1544677058.184825,5368908,96,0
6,Q11,1544677058.187093,3164383,70,0
8,Q14,1544677058.187093,1635066,0,0
5,Q6,1544677058.187094,2715932,59,0
7,Q12,1544677058.187094,2915926,33,0
13,Q21,1544677058.187094,819308,27,0
13,Q21,1544677058.187094,1328619,89,0
5,Q6,1544677058.476745,6194951,95,0
13,Q21,1544677058.476746,5076978,98,0
14,Q22,1544677058.476746,2874881,62,0
4,Q4,1544677058.476746,2426497,57,0
5,Q6,1544677058.476746,1345421,12,0
13,Q21,1544677058.476746,529609,47,0
1,Q1,1544677058.476766,2626455,64,0
4,Q4,1544677058.476766,6195152,86,0
9,Q16,1544677058.476766,1097085,83,0
7,Q12,1544677058.477452,2874057,31,0
13,Q21,1544677058.477452,5076315,23,0
5,Q6,1544677058.477470,2425568,45,0
13,Q21,1544677058.478296,1343869,58,0
4,Q4,1544677058.478316,793487,6,0
11,Q18,1544677058.478316,6198998,42,0
1,Q1,1544677058.478316,2624921,85,0
14,Q22,1544677058.478316,1592948,88,0
14,Q22,1544677058.478334,5075510,11,0
5,Q6,1544677058.478334,2873214,49,0
1,Q1,1544677058.478335,2424688,72,0
6,Q11,1544677058.478372,2624861,19,0
5,Q6,1544677058.478373,1343997,65,0
13,Q21,1544677058.478373,793506,99,0
4,Q4,1544677058.478440,6193317,21,0
14,Q22,1544677058.478477,5075303,36,0
5,Q6,1544677058.478477,2873247,20,0
1,Q1,1544677058.478478,1592815,15,0
5,Q6,1544677058.479888,2423175,39,0
9,Q16,1544677058.479888,2685213,8,0
14,Q22,1544677058.479888,1342577,81,0
14,Q22,1544677058.641862,629994,56,0
1,Q1,1544677058.907151,1164156,47,0
5,Q6,1544677058.907151,5764700,10,0
14,Q22,1544677058.907151,4646875,27,0
13,Q21,1544677058.907152,2444403,29,0
4,Q4,1544677058.926299,1976732,41,0
11,Q18,1544677059.138933,5543346,32,0
6,Q11,1544677059.138933,3648306,78,0
14,Q22,1544677059.138933,237527,55,0
2,Q2,1544677059.138933,935428,97,0
1,Q1,1544677059.138934,1456751,75,0
5,Q6,1544677059.171699,4382233,6,0
1,Q1,1544677059.171699,1731366,56,0
13,Q21,1544677059.171699,2180136,99,0
2,Q2,1544677059.276435,1322269,55,0
13,Q21,1544677059.415478,3371721,80,0
13,Q21,1544677059.415478,198088,89,0
5,Q6,1544677059.415478,5266611,52,0
4,Q4,1544677059.472956,993758,83,0
13,Q21,1544677059.513517,4040278,89,0
1,Q1,1544677059.677111,3994879,22,0
13,Q21,1544677059.677111,3110113,35,0
8,Q14,1544677059.677111,921560,73,0
5,Q6,1544677059.677112,194283,25,0
4,Q4,1544677059.677112,1226119,67,0
13,Q21,1544677059.677112,5005021,69,0
5,Q6,1544677059.682729,783939,61,0
2,Q2,1544677059.683856,3872600,7,0
14,Q22,1544677059.722133,3949798,3,0
6,Q11,1544677059.722134,1181121,92,0
2,Q2,1544677059.722134,1767524,91,0
11,Q18,1544677059.723254,3070654,0,0
14,Q22,1544677059.723254,4958904,58,0
6,Q11,1544677059.723254,394365,12,0
4,Q4,1544677059.723255,743410,65,0
13,Q21,1544677059.723255,3833170,81,0
7,Q12,1544677059.744664,3927320,4,0
4,Q4,1544677059.744664,372956,53,0
8,Q14,1544677059.744664,3811766,9,0
4,Q4,1544677059.744664,1606709,5,0
5,Q6,1544677059.744665,3049092,44,0
1,Q1,1544677059.744665,722032,14,0
13,Q21,1544677059.744665,1744936,82,0
5,Q6,1544677059.744665,4937517,26,0
6,Q11,1544677059.744666,3927362,24,0
14,Q22,1544677059.770569,1580881,25,0
6,Q11,1544677059.972231,1517364,88,0
13,Q21,1544677059.972231,2821517,15,0
2,Q2,1544677059.972239,268459,47,0
5,Q6,1544677059.973409,4708807,97,0
6,Q11,1544677060.017744,3538680,12,0
4,Q4,1544677060.017744,517377,53,0
11,Q18,1544677060.141106,3537300,47,0
8,Q14,1544677060.367266,1122381,65,0
5,Q6,1544677060.367266,984101,61,0
6,Q11,1544677060.367267,2426464,14,0
14,Q22,1544677060.367267,200784,83,0
14,Q22,1544677060.435968,4246451,53,0
1,Q1,1544677060.468607,267594,83,0
9,Q16,1544677060.495632,3113892,75,0
14,Q22,1544677060.499001,3179242,55,0
5,Q6,1544677060.499002,852945,73,0
14,Q22,1544677060.506882,2178140,16,0
14,Q22,1544677060.506882,203634,68,0
11,Q18,1544677060.506883,4180588,63,0
4,Q4,1544677060.506883,2286873,17,0
6,Q11,1544677060.506883,406227,2,0
4,Q4,1544677060.510258,5469608,60,0
5,Q6,1544677060.510258,841648,50,0
4,Q4,1544677060.510258,3167993,46,0
2,Q2,1544677060.510259,2285951,76,0
8,Q14,1544677060.510259,2174784,30,0
14,Q22,1544677060.610405,203469,68,0
6,Q11,1544677060.636119,4046110,83,0
6,Q11,1544677060.714858,544333,68,0
5,Q6,1544677060.803736,2874467,40,0
2,Q2,1544677060.803736,1884499,72,0
5,Q6,1544677060.803736,1479857,59,0
1,Q1,1544677060.803737,5176090,41,0
1,Q1,1544677060.803737,268773,45,0
5,Q6,1544677060.803737,3883641,56,0
5,Q6,1544677060.803737,1992374,39,0
4,Q4,1544677060.803738,5176192,67,0
1,Q1,1544677060.803738,455474,57,0
13,Q21,1544677060.803738,2874461,92,0
14,Q22,1544677060.813835,1469716,2,0
13,Q21,1544677060.972471,1715770,45,0
1,Q1,1544677061.002886,268724,66,0
6,Q11,1544677061.002887,3748697,33,0
2,Q2,1544677061.004015,541981,64,0
1,Q1,1544677061.004015,3683374,19,0
1,Q1,1544677061.004015,4975907,85,0
13,Q21,1544677061.063701,1219923,13,0
13,Q21,1544677061.063701,2614683,37,0
7,Q12,1544677061.063701,3687929,93,0
6,Q11,1544677061.063701,1624513,87,0
4,Q4,1544677061.063702,6921076,38,0
13,Q21,1544677061.063702,465556,28,0
6,Q11,1544677061.063702,4916214,51,0
4,Q4,1544677061.063702,482245,71,0
9,Q16,1544677061.063703,3746680,1,0
6,Q11,1544677061.063703,2614644,34,0
1,Q1,1544677061.063703,465533,74,0
4,Q4,1544677061.063704,1624516,18,0
1,Q1,1544677061.063704,1219895,48,0
2,Q2,1544677061.063704,6923746,94,0
13,Q21,1544677061.065952,479989,8,0
5,Q6,1544677061.159261,4820818,68,0
5,Q6,1544677061.159262,2518962,57,0
7,Q12,1544677061.171536,1112115,66,0
5,Q6,1544677061.251488,1436782,61,0
13,Q21,1544677061.251488,3556258,5,0
14,Q22,1544677061.251488,6735949,25,0
5,Q6,1544677061.251488,921395,77,0
14,Q22,1544677061.251489,1436765,70,0
14,Q22,1544677061.251489,2006505,54,0
9,Q16,1544677061.251489,4785515,31,0
9,Q16,1544677061.251490,5379522,49,0
8,Q14,1544677061.251490,921414,29,0
1,Q1,1544677061.251490,1459648,62,0
12,Q19,1544677061.252609,2005457,20,0
4,Q4,1544677061.252609,3555215,90,0
1,Q1,1544677061.252609,6734842,99,0
4,Q4,1544677061.252609,5376090,50,0
5,Q6,1544677061.252610,4783013,73,0
5,Q6,1544677061.389982,2133494,88,0
5,Q6,1544677061.389983,1321361,82,0
2,Q2,1544677061.389983,786079,65,0
5,Q6,1544677061.389983,3417855,91,0
11,Q18,1544677061.429383,1835124,74,0
1,Q1,1544677061.429383,6558242,28,0
11,Q18,1544677061.445168,5186052,8,0
14,Q22,1544677061.445168,4590449,71,0
1,Q1,1544677061.445168,1266143,64,0
4,Q4,1544677062.073711,2734171,77,0
11,Q18,1544677062.073711,1456142,29,0
1,Q1,1544677062.077080,268156,65,0
5,Q6,1544677062.182787,5804962,2,0
9,Q16,1544677062.182788,2292787,48,0
1,Q1,1544677062.182788,3852842,59,0
9,Q16,1544677062.183907,4500287,66,0
7,Q12,1544677062.183908,1128691,13,0
4,Q4,1544677062.246085,1283562,65,0
14,Q22,1544677062.584181,2223764,16,0
2,Q2,1544677062.584181,226444,30,0
6,Q11,1544677062.587584,5399907,18,0
1,Q1,1544677062.587584,1835546,87,0
4,Q4,1544677062.587584,4094332,72,0
2,Q2,1544677062.587584,728121,45,0
2,Q2,1544677062.587585,1645965,70,0
6,Q11,1544677062.587585,3448063,61,0
14,Q22,1544677062.611431,2196561,62,0
6,Q11,1544677062.611432,476427,64,0
1,Q1,1544677062.611432,5376461,82,0
2,Q2,1544677062.687375,1787288,80,0
5,Q6,1544677062.687375,3348280,35,0
4,Q4,1544677062.687375,3994497,78,0
1,Q1,1544677062.694085,913080,44,0
14,Q22,1544677062.694085,1536795,14,0
8,Q14,1544677062.694086,3587177,17,0
14,Q22,1544677062.694087,393801,15,0
6,Q11,1544677062.694087,5293423,0,0
14,Q22,1544677062.696327,1778285,39,0
5,Q6,1544677062.696327,3339483,76,0
13,Q21,1544677062.709795,3974259,30,0
14,Q22,1544677062.987907,619263,64,0
8,Q14,1544677062.987907,1245696,15,0
4,Q4,1544677063.157326,3123927,54,0
13,Q21,1544677063.157327,195920,20,0
9,Q16,1544677063.164124,4876069,74,0
14,Q22,1544677063.211809,2659108,13,0
6,Q11,1544677063.215220,2820411,45,0
1,Q1,1544677063.252708,3429384,20,0
5,Q6,1544677063.423786,317809,88,0
1,Q1,1544677063.430539,1826969,65,0
14,Q22,1544677063.430540,2850847,29,0
5,Q6,1544677063.454175,217796,98,0
13,Q21,1544677063.454175,4584584,96,0
1,Q1,1544677063.454175,1803374,23,0
13,Q21,1544677063.454176,2416715,36,0
4,Q4,1544677063.454176,287441,84,0
13,Q21,1544677063.454176,3228004,89,0
1,Q1,1544677063.454176,4524894,11,0
13,Q21,1544677063.454176,309798,6,0
13,Q21,1544677063.454176,2827130,27,0
13,Q21,1544677063.456426,2414502,12,0
4,Q4,1544677063.456427,4582341,81,0
13,Q21,1544677063.456427,4522723,9,0
14,Q22,1544677063.456427,3225574,7,0
6,Q11,1544677063.507101,516188,44,0
2,Q2,1544677063.507101,1753361,64,0
2,Q2,1544677063.509355,2775032,75,0
2,Q2,1544677063.571840,407585,3,0
2,Q2,1544677063.571840,6133662,98,0
6,Q11,1544677063.571841,4466632,4,0
5,Q6,1544677063.571841,2299076,22,0
14,Q22,1544677063.571841,4407282,24,0
14,Q22,1544677063.578414,444868,92,0
4,Q4,1544677063.578414,2705907,40,0
5,Q6,1544677063.578414,1682004,57,0
4,Q4,1544677063.578415,4400778,55,0
13,Q21,1544677063.578415,401057,46,0
9,Q16,1544677063.578415,4510980,34,0
2,Q2,1544677063.578415,2295586,37,0
11,Q18,1544677063.578416,6132532,47,0
8,Q14,1544677063.640719,876321,88,0
8,Q14,1544677063.640719,1619762,84,0
6,Q11,1544677063.663240,2621099,6,0
5,Q6,1544677063.880255,193731,3,0
14,Q22,1544677063.880256,4206667,46,0
2,Q2,1544677063.924167,4058031,44,0
12,Q19,1544677063.924168,1949743,92,0
1,Q1,1544677063.973759,5736941,3,0
4,Q4,1544677064.131134,453161,14,0
1,Q1,1544677064.133392,2552405,70,0
13,Q21,1544677064.133392,2150946,15,0
4,Q4,1544677064.323667,191098,87,0
5,Q6,1544677064.374369,3712554,39,0
2,Q2,1544677064.374369,3180676,80,0
6,Q11,1544677064.375493,3606658,48,0
14,Q22,1544677064.414884,5295872,87,0
4,Q4,1544677064.417140,234278,88,0
7,Q12,1544677064.484330,2201432,14,0
5,Q6,1544677064.551881,1732463,88,0
14,Q22,1544677064.571064,8229813,43,0
14,Q22,1544677064.571064,236844,79,0
4,Q4,1544677064.572198,2980028,95,0
14,Q22,1544677064.572198,5138565,21,0
5,Q6,1544677064.572199,3409999,10,0
6,Q11,1544677064.572199,278294,86,0
13,Q21,1544677064.576700,2109125,42,0
2,Q2,1544677064.582340,1704492,52,0
9,Q16,1544677064.582340,3027415,69,0
6,Q11,1544677064.582341,8218908,58,0
5,Q6,1544677064.582341,969137,26,0
5,Q6,1544677064.582341,5128532,83,0
14,Q22,1544677064.582341,3399907,97,0
14,Q22,1544677064.582341,463035,32,0
5,Q6,1544677064.582342,2103493,53,0
13,Q21,1544677064.586834,1699989,56,0
11,Q18,1544677064.586834,8220146,19,0
11,Q18,1544677064.587959,969712,63,0
2,Q2,1544677064.652085,3332704,33,0
4,Q4,1544677064.652085,2904404,93,0
6,Q11,1544677064.707593,2899801,5,0
9,Q16,1544677064.707593,3429419,90,0
13,Q21,1544677064.707593,1978244,91,0
9,Q16,1544677064.707593,5055325,77,0
5,Q6,1544677064.707594,337801,79,0
5,Q6,1544677064.707594,8101502,16,0
4,Q4,1544677064.707594,1090381,62,0
1,Q1,1544677064.710958,3273800,1,0
2,Q2,1544677064.750360,5011799,86,0
8,Q14,1544677064.944510,1741509,32,0
14,Q22,1544677064.944510,205356,79,0
2,Q2,1544677065.050063,3085458,79,0
2,Q2,1544677065.158019,7651115,65,0
6,Q11,1544677065.158019,639968,23,0
8,Q14,1544677065.161385,2446025,57,0
14,Q22,1544677065.161385,4600724,64,0
11,Q18,1544677065.161386,2978875,84,0
9,Q16,1544677065.452427,946089,26,0
4,Q4,1544677065.458049,2727330,63,0
6,Q11,1544677065.698729,280050,62,0
5,Q6,1544677065.698729,2436728,23,0
11,Q18,1544677065.770718,5712183,36,0
5,Q6,1544677065.770719,2369391,13,0
8,Q14,1544677065.770719,3991417,22,0
9,Q16,1544677065.770719,7093689,12,0
14,Q22,1544677065.774105,978835,92,0
2,Q2,1544677065.774106,2414346,37,0
6,Q11,1544677065.878833,2256673,62,0
6,Q11,1544677065.879973,282863,41,0
12,Q19,1544677065.879973,5602721,60,0
6,Q11,1544677065.879973,6982566,85,0
2,Q2,1544677065.879973,3884152,67,0
14,Q22,1544677065.879973,3564849,51,0
2,Q2,1544677065.879974,875988,68,0
4,Q4,1544677065.935578,2252856,71,0
5,Q6,1544677065.935579,5547120,73,0
6,Q11,1544677065.935579,3579181,59,0
4,Q4,1544677065.935579,3828526,61,0
8,Q14,1544677065.935579,2199939,35,0
1,Q1,1544677065.935580,396438,45,0
8,Q14,1544677065.935580,6927020,76,0
4,Q4,1544677065.937828,818076,31,0
8,Q14,1544677066.062859,2125618,41,0
13,Q21,1544677066.181023,501321,54,0
11,Q18,1544677066.181024,4401436,17,0
8,Q14,1544677066.182150,6680415,27,0
4,Q4,1544677066.182151,5300541,29,0
2,Q2,1544677066.184389,574227,40,0
6,Q11,1544677066.184389,3579697,15,0
14,Q22,1544677066.184389,2004109,6,0
14,Q22,1544677066.184390,3330309,88,0
6,Q11,1544677066.184390,4392387,75,0
1,Q1,1544677066.186647,495546,56,0
1,Q1,1544677066.186647,6676118,52,0
9,Q16,1544677066.232828,5303092,45,0
5,Q6,1544677066.298093,3216623,26,0
13,Q21,1544677066.529018,5052684,50,0
6,Q11,1544677066.531254,743992,49,0
7,Q12,1544677066.531255,1657240,8,0
6,Q11,1544677066.581619,281880,78,0
7,Q12,1544677066.581619,4000786,72,0
5,Q6,1544677066.581619,6283348,7,0
6,Q11,1544677066.581620,2933108,20,0
7,Q12,1544677066.581620,4951932,89,0
2,Q2,1544677066.581620,5000531,56,0
1,Q1,1544677066.581620,693643,54,0
6,Q11,1544677066.583855,1604654,30,0
6,Q11,1544677066.583855,3998524,66,0
1,Q1,1544677066.584974,542874,14,0
11,Q18,1544677066.584975,2936194,70,0
9,Q16,1544677066.584975,5049925,42,0
9,Q16,1544677066.584975,4998584,91,0
7,Q12,1544677066.584975,6277779,53,0
6,Q11,1544677066.586081,689211,32,0
11,Q18,1544677066.652207,4022477,92,0
4,Q4,1544677066.655566,3926765,31,0
13,Q21,1544677066.655566,472302,68,0
6,Q11,1544677066.658923,6206008,40,0
14,Q22,1544677066.764264,4883421,78,0
2,Q2,1544677067.027710,2495744,14,0
2,Q2,1544677067.028832,4604068,68,0
14,Q22,1544677067.175159,3499412,49,0
5,Q6,1544677067.175159,194298,54,0
9,Q16,1544677067.175159,3460174,32,0
1,Q1,1544677067.269758,268864,54,0
11,Q18,1544677067.438606,5426485,54,0
1,Q1,1544677067.453237,7193919,95,0
13,Q21,1544677067.455486,4177393,80,0
4,Q4,1544677067.456613,2790132,93,0
9,Q16,1544677067.507201,943871,5,0
1,Q1,1544677067.507201,3167363,57,0
14,Q22,1544677067.509446,3123538,69,0
9,Q16,1544677067.879301,946055,11,0
14,Q22,1544677067.879301,4985602,24,0
6,Q11,1544677067.879301,6767870,9,0
2,Q2,1544677067.879301,2586910,55,0
13,Q21,1544677067.882683,3750313,48,0
7,Q12,1544677067.882683,2791898,10,0
4,Q4,1544677067.882683,2750327,44,0
4,Q4,1544677067.882684,2239081,97,0
6,Q11,1544677067.884933,8218210,1,0
1,Q1,1544677067.884933,1910624,38,0
8,Q14,1544677067.884933,2581310,33,0
5,Q6,1544677067.888310,6758827,25,0
13,Q21,1544677067.888310,2786512,94,0
5,Q6,1544677067.888310,3744571,99,0
2,Q2,1544677067.888310,2236589,18,0
5,Q6,1544677067.888311,4375191,0,0
7,Q12,1544677067.888311,1907328,28,0
4,Q4,1544677067.888311,8214768,2,0
14,Q22,1544677067.888312,3745135,82,0
5,Q6,1544677067.937855,6709377,4,0
5,Q6,1544677067.937855,2528389,96,0
11,Q18,1544677067.937855,2192439,81,0
1,Q1,1544677067.940100,2734574,74,0
1,Q1,1544677067.986170,4277345,39,0
14,Q22,1544677067.986170,1809477,46,0
14,Q22,1544677067.989526,8114061,34,0
2,Q2,1544677068.035490,2433208,23,0
9,Q16,1544677068.035491,2147888,62,0
4,Q4,1544677068.035491,3597575,35,0
8,Q14,1544677068.035491,6611792,79,0
9,Q16,1544677068.036609,2690706,90,0
7,Q12,1544677068.039973,4223590,13,0
5,Q6,1544677068.039973,1755702,84,0
2,Q2,1544677068.084879,8021196,63,0
1,Q1,1544677068.088240,6559053,71,0
4,Q4,1544677068.088240,2092809,37,0
6,Q11,1544677068.089330,4228950,41,0
13,Q21,1544677068.089331,4174209,8,0
13,Q21,1544677068.089331,2379343,6,0
6,Q11,1544677068.089331,3543924,30,0
6,Q11,1544677068.350576,1445073,5,0
8,Q14,1544677068.724479,7381534,11,0
14,Q22,1544677069.345273,5302196,51,0
5,Q6,1544677069.413823,2220080,88,0
4,Q4,1544677069.413823,2219276,26,0
1,Q1,1544677069.413824,1091940,20,0
6,Q11,1544677069.413824,2904459,59,0
4,Q4,1544677069.420560,2843069,70,0
2,Q2,1544677069.422805,619336,14,0
2,Q2,1544677069.605715,6502816,98,0
14,Q22,1544677069.611341,5035995,3,0
14,Q22,1544677069.611341,2021901,87,0
6,Q11,1544677069.611342,3933391,21,0
5,Q6,1544677069.611342,894394,83,0
2,Q2,1544677069.611342,2710304,47,0
7,Q12,1544677069.661953,2601721,64,0
13,Q21,1544677069.661953,6446524,22,0
2,Q2,1544677069.661953,382661,86,0
5,Q6,1544677069.663079,4984320,77,0
5,Q6,1544677069.664199,1968825,15,0
5,Q6,1544677069.664199,3880512,61,0
2,Q2,1544677069.664199,844636,67,0
12,Q19,1544677069.695667,2626052,38,0
13,Q21,1544677069.695667,485394,28,0
14,Q22,1544677069.695667,6412812,5,0
14,Q22,1544677069.695667,2568145,46,0
4,Q4,1544677069.695668,4951809,84,0
1,Q1,1544677069.942887,1690491,14,0
13,Q21,1544677069.945137,3599690,86,0
14,Q22,1544677070.022785,702203,97,0
4,Q4,1544677070.025038,2296707,18,0
14,Q22,1544677070.030658,2233182,81,0
5,Q6,1544677070.081282,193645,37,0
14,Q22,1544677070.081282,6027254,28,0
1,Q1,1544677070.083530,4563934,62,0
11,Q18,1544677070.147460,1490242,93,0
8,Q14,1544677070.175431,3369390,37,0
4,Q4,1544677070.366732,358426,55,0
5,Q6,1544677070.366732,1897109,96,0
4,Q4,1544677070.366733,1954957,33,0
6,Q11,1544677070.368975,280694,6,0
4,Q4,1544677070.368975,5739546,23,0
5,Q6,1544677070.406076,4241525,83,0
9,Q16,1544677070.406076,3203746,20,0
8,Q14,1544677070.409449,3135402,67,0
5,Q6,1544677070.476901,363327,75,0
5,Q6,1544677070.482532,1839146,31,0
14,Q22,1544677070.482533,3007830,66,0
14,Q22,1544677070.482533,273347,72,0
13,Q21,1544677070.482533,5626007,17,0
12,Q19,1544677070.532101,3075332,69,0
9,Q16,1544677070.532101,4175782,44,0
2,Q2,1544677070.534354,3013977,32,0
4,Q4,1544677070.548992,291250,6,0
8,Q14,1544677070.574872,2915522,49,0
11,Q18,1544677070.574873,5539217,10,0
1,Q1,1544677070.574873,3242201,74,0
5,Q6,1544677070.574873,273593,92,0
8,Q14,1544677070.574873,4077139,57,0
13,Q21,1544677070.574873,3032587,94,0
7,Q12,1544677070.624204,2924121,97,0
6,Q11,1544677070.625323,392759,55,0
4,Q4,1544677070.627560,3189484,90,0
6,Q11,1544677070.655565,2834870,72,0
13,Q21,1544677070.740820,5373051,75,0
14,Q22,1544677070.740820,210998,6,0
13,Q21,1544677070.748697,3956846,92,0
4,Q4,1544677070.852214,2755234,6,0
13,Q21,1544677070.918580,2629871,55,0
8,Q14,1544677071.383186,641522,29,0
1,Q1,1544677071.383186,2107286,60,0
11,Q18,1544677071.383187,2440571,73,0
1,Q1,1544677071.383187,338788,36,0
14,Q22,1544677071.432729,4681201,89,0
7,Q12,1544677071.436110,6817292,45,0
4,Q4,1544677071.482144,2125457,50,0
7,Q12,1544677071.482144,4144580,56,0
1,Q1,1544677071.484378,866246,91,0
6,Q11,1544677071.533622,2289995,99,0
4,Q4,1544677071.533622,426426,80,0
1,Q1,1544677071.533623,2290131,68,0
14,Q22,1544677071.533623,4580297,48,0
1,Q1,1544677071.533623,426458,15,0
5,Q6,1544677071.533623,1956861,35,0
8,Q14,1544677071.533624,6719781,26,0
4,Q4,1544677071.533624,3039243,87,0
4,Q4,1544677071.533624,816974,30,0
4,Q4,1544677071.533624,4093158,14,0
2,Q2,1544677071.533624,1960136,82,0
14,Q22,1544677071.534730,4579232,88,0
4,Q4,1544677071.534730,6718675,42,0
1,Q1,1544677071.538008,3034841,93,0
4,Q4,1544677071.547924,4078868,78,0
13,Q21,1544677071.622635,727967,36,0
4,Q4,1544677071.859971,1963675,80,0
13,Q21,1544677071.859971,1633803,15,0
14,Q22,1544677071.925232,200888,29,0
8,Q14,1544677072.026508,4087466,29,0
14,Q22,1544677072.163739,2409108,0,0
1,Q1,1544677072.163739,6089679,39,0
12,Q19,1544677072.163740,1195068,8,0
7,Q12,1544677072.163740,3463061,13,0
1,Q1,1544677072.163740,1659880,70,0
1,Q1,1544677072.163740,1810779,64,0
13,Q21,1544677072.163741,3950333,46,0
11,Q18,1544677072.163741,791816,81,0
14,Q22,1544677072.163741,6089861,96,0
1,Q1,1544677072.218833,2354125,41,0
8,Q14,1544677072.218833,3407987,59,0
5,Q6,1544677072.222209,1136620,47,0
6,Q11,1544677072.222210,3108944,31,0
7,Q12,1544677072.222210,1385274,33,0
13,Q21,1544677072.222210,3891775,38,0
14,Q22,1544677072.222210,1752249,18,0
6,Q11,1544677072.250561,6002988,30,0
4,Q4,1544677072.250562,2322412,36,0
14,Q22,1544677072.250569,3376228,91,0
5,Q6,1544677072.701812,928091,43,0
11,Q18,1544677072.701812,2631406,58,0
13,Q21,1544677072.707505,1266974,19,0
4,Q4,1544677072.709776,897877,16,0
4,Q4,1544677072.709776,7825305,65,0
14,Q22,1544677072.761987,1810994,85,0
1,Q1,1544677072.761987,5491693,27,0
2,Q2,1544677072.761987,2868144,76,0
6,Q11,1544677072.761988,867912,53,0
5,Q6,1544677072.761988,2571072,52,0
2,Q2,1544677072.764267,1213689,12,0
4,Q4,1544677072.764267,843223,24,0
8,Q14,1544677072.764268,7771121,40,0
2,Q2,1544677072.764268,5492610,7,0
1,Q1,1544677072.764268,1808980,54,0
1,Q1,1544677072.856101,2773981,81,0
7,Q12,1544677073.259687,1111314,8,0
2,Q2,1544677073.259687,2075818,47,0
9,Q16,1544677073.390413,1101378,66,0
14,Q22,1544677073.390413,1099412,49,0
14,Q22,1544677073.391546,1181720,60,0
13,Q21,1544677073.391546,4865344,72,0
1,Q1,1544677073.391546,7143482,35,0
13,Q21,1544677073.393816,2236202,82,0
5,Q6,1544677073.393816,977197,15,0
5,Q6,1544677073.443870,1891614,61,0
2,Q2,1544677073.443870,1046309,21,0
4,Q4,1544677073.445013,1044803,37,0
14,Q22,1544677073.445014,4811859,86,0
5,Q6,1544677073.445014,7090030,67,0
4,Q4,1544677073.448428,1124859,97,0
14,Q22,1544677073.448428,922599,32,0
1,Q1,1544677073.448428,5757064,55,0
1,Q1,1544677073.507435,1828101,69,0
14,Q22,1544677073.507435,4749408,6,0
1,Q1,1544677073.507435,5698054,94,0
7,Q12,1544677073.507436,1672058,33,0
14,Q22,1544677073.507436,982760,24,0
5,Q6,1544677073.507436,1514609,50,0
9,Q16,1544677073.507436,7089043,16,0
4,Q4,1544677073.509698,861351,20,0
1,Q1,1544677073.530042,960165,43,0
1,Q1,1544677073.530042,1805558,53,0
5,Q6,1544677073.717326,6876819,90,0
1,Q1,1544677073.717326,1462313,74,0
8,Q14,1544677073.723055,4533856,99,0
8,Q14,1544677073.723055,5482504,70,0
4,Q4,1544677073.724153,1297915,80,0
8,Q14,1544677073.724153,2687864,68,0
2,Q2,1544677073.724154,770062,73,0
13,Q21,1544677073.875084,1304549,18,0
5,Q6,1544677073.875084,6719098,19,0
5,Q6,1544677073.875084,680835,64,0
5,Q6,1544677073.877398,4379474,12,0
13,Q21,1544677074.271629,4933918,8,0
9,Q16,1544677074.271629,1061489,15,0
1,Q1,1544677074.271630,750474,32,0
14,Q22,1544677074.271630,2140011,20,0
13,Q21,1544677074.389972,1674576,37,0
13,Q21,1544677074.389972,257164,49,0
12,Q19,1544677074.389972,6204206,21,0
2,Q2,1544677074.389972,635196,24,0
7,Q12,1544677074.389972,4414820,43,0
2,Q2,1544677074.391103,4817734,66,0
14,Q22,1544677074.394517,1851422,73,0
4,Q4,1544677074.455779,1956142,64,0
9,Q16,1544677074.472758,4793907,0,0
14,Q22,1544677074.472758,1591792,93,0
2,Q2,1544677074.472759,392804,87,0
8,Q14,1544677074.472759,6121430,41,0
7,Q12,1544677074.472759,4332180,36,0
8,Q14,1544677074.472759,1316057,85,0
7,Q12,1544677074.472760,1773188,54,0
14,Q22,1544677074.472760,1939111,60,0
5,Q6,1544677074.472760,389764,97,0
6,Q11,1544677074.546351,6047987,49,0
14,Q22,1544677074.546351,1518209,25,0
13,Q21,1544677074.546351,7881271,95,0
12,Q19,1544677074.546351,4717964,9,0
6,Q11,1544677074.547440,1241345,4,0
5,Q6,1544677074.547441,1183478,79,0
6,Q11,1544677074.547441,1698558,71,0
4,Q4,1544677074.547441,1864459,3,0
14,Q22,1544677074.547483,1517104,77,0
8,Q14,1544677074.547483,7880104,62,0
13,Q21,1544677074.547483,6046863,51,0
4,Q4,1544677074.547483,1241344,84,0
1,Q1,1544677074.547483,4716925,83,0
2,Q2,1544677074.552008,1698268,57,0
14,Q22,1544677074.605378,1806611,92,0
9,Q16,1544677074.607646,1183481,44,0
7,Q12,1544677074.762587,1302028,97,0
6,Q11,1544677074.765982,5828651,87,0
4,Q4,1544677074.921775,2232764,50,0
8,Q14,1544677074.921775,4342679,80,0
1,Q1,1544677074.922874,7956893,32,0
13,Q21,1544677074.925190,1325104,24,0
1,Q1,1544677075.079372,1332704,33,0
13,Q21,1544677075.079373,1094868,18,0
6,Q11,1544677075.079373,1352919,74,0
14,Q22,1544677075.231087,5363141,31,0
9,Q16,1544677075.233356,1981362,52,0
1,Q1,1544677075.233356,7646359,15,0
13,Q21,1544677075.233357,4030982,58,0
6,Q11,1544677075.235623,3634205,61,0
14,Q22,1544677075.235623,1831810,47,0
1,Q1,1544677075.235623,938687,69,0
13,Q21,1544677075.235623,1196619,53,0
2,Q2,1544677075.526820,7356216,56,0
8,Q14,1544677075.526821,1685534,14,0
1,Q1,1544677075.526821,5067639,78,0
14,Q22,1544677075.526821,7762925,91,0
4,Q4,1544677075.526822,1540633,13,0
9,Q16,1544677075.526822,3403377,59,0
6,Q11,1544677075.530245,644065,82,0
5,Q6,1544677075.530246,902031,81,0
4,Q4,1544677075.530246,5064218,76,0
8,Q14,1544677075.631336,7251681,79,0
5,Q6,1544677075.688251,3989876,4,0
5,Q6,1544677075.688251,3186736,85,0
14,Q22,1544677075.688251,7702379,84,0
2,Q2,1544677075.690517,1380207,44,0
2,Q2,1544677075.965513,6920036,93,0
8,Q14,1544677075.965513,4628893,77,0
13,Q21,1544677075.965514,440079,25,0
14,Q22,1544677075.965514,1985340,97,0
9,Q16,1544677075.965514,3772408,37,0
14,Q22,1544677076.004209,2870658,2,0
1,Q1,1544677076.004209,7285607,1,0
14,Q22,1544677076.004209,1066484,34,0
4,Q4,1544677076.006486,399078,11,0
7,Q12,1544677076.006487,1944431,63,0
12,Q19,1544677076.007664,7408247,5,0
8,Q14,1544677076.008763,6876869,22,0
5,Q6,1544677076.008763,7281084,23,0
11,Q18,1544677076.008764,2921741,98,0
11,Q18,1544677076.008764,3729564,17,0
4,Q4,1544677076.008764,1061939,28,0
4,Q4,1544677076.013365,392197,75,0
6,Q11,1544677076.013365,1937553,48,0
2,Q2,1544677076.013365,6874836,89,0
5,Q6,1544677076.013365,7402553,88,0
4,Q4,1544677076.013366,3722464,29,0
4,Q4,1544677076.013368,7276469,38,0
9,Q16,1544677076.013369,2972167,46,0
13,Q21,1544677076.013369,1057330,10,0
4,Q4,1544677076.073662,401682,18,0
2,Q2,1544677076.073662,7345626,82,0
7,Q12,1544677076.073662,1877254,69,0
8,Q14,1544677076.146208,6742057,73,0
13,Q21,1544677076.146209,3591937,54,0
9,Q16,1544677076.146209,7193871,71,0
6,Q11,1544677076.150775,4701556,57,0
14,Q22,1544677076.150775,919940,24,0
6,Q11,1544677076.305524,1645398,75,0
1,Q1,1544677076.305524,459527,11,0
6,Q11,1544677076.305524,7113639,25,0
2,Q2,1544677076.312339,6578587,20,0
2,Q2,1544677076.312339,7025593,60,0
5,Q6,1544677076.312339,3423497,3,0
6,Q11,1544677076.312340,4540000,64,0
13,Q21,1544677076.312340,938574,92,0
13,Q21,1544677076.312340,1638539,68,0
2,Q2,1544677076.312341,455757,33,0
6,Q11,1544677076.331710,6559152,53,0
4,Q4,1544677076.332813,7086257,81,0
8,Q14,1544677076.332814,3405525,74,0
4,Q4,1544677076.374957,6962967,18,0
2,Q2,1544677076.664742,4190963,11,0
13,Q21,1544677076.668148,582775,33,0
6,Q11,1544677076.966814,1264330,47,0
7,Q12,1544677076.967905,580242,13,0
13,Q21,1544677076.970214,6448884,34,0
9,Q16,1544677076.970214,5975431,10,0
5,Q6,1544677076.970214,6367682,28,0
13,Q21,1544677076.970215,3885456,24,0
6,Q11,1544677076.970217,2767936,44,0
13,Q21,1544677077.054311,288002,50,0
11,Q18,1544677077.112105,1127533,14,0
14,Q22,1544677077.114378,1116783,52,0
2,Q2,1544677077.150707,6271056,92,0
8,Q14,1544677077.150707,5793484,33,0
6,Q11,1544677077.242518,3371285,50,0
2,Q2,1544677077.448344,5891509,13,0
11,Q18,1544677077.851805,787409,97,0
6,Q11,1544677077.851806,5569905,68,0
1,Q1,1544677077.851806,3003850,48,0
5,Q6,1544677077.851806,473594,63,0
8,Q14,1544677077.851807,5332267,69,0
5,Q6,1544677077.851807,473594,75,0
6,Q11,1544677078.131418,2482364,47,0
9,Q16,1544677078.131418,5260499,52,0
1,Q1,1544677078.139410,2716301,14,0
14,Q22,1544677078.153065,341141,45,0
6,Q11,1544677078.154156,915891,42,0
5,Q6,1544677078.154156,1110265,26,0
8,Q14,1544677078.154157,5267574,39,0
2,Q2,1544677078.154157,8011418,30,0
14,Q22,1544677078.154158,2459688,96,0
8,Q14,1544677078.154158,5236490,27,0
2,Q2,1544677078.156461,2701872,6,0
1,Q1,1544677078.156461,913688,7,0
4,Q4,1544677078.156461,337810,12,0
9,Q16,1544677078.157554,1158702,86,0
13,Q21,1544677078.157554,5264155,72,0
6,Q11,1544677078.157555,8007964,99,0
4,Q4,1544677078.225784,2388032,75,0
8,Q14,1544677078.225785,5164756,63,0
13,Q21,1544677078.395164,675017,45,0
12,Q19,1544677078.395164,2463094,12,0
14,Q22,1544677078.539511,200599,97,0
1,Q1,1544677078.639599,2126717,97,0
13,Q21,1544677078.704108,4717665,43,0
1,Q1,1544677078.705201,7633895,36,0
13,Q21,1544677078.768869,1845025,61,0
14,Q22,1544677078.774557,4287476,2,0
8,Q14,1544677078.774558,4616123,85,0
4,Q4,1544677078.830192,307816,59,0
6,Q11,1544677078.830192,280918,98,0
12,Q19,1544677078.885786,1880594,46,0
13,Q21,1544677078.969430,4452392,42,0
7,Q12,1544677078.969430,7369694,7,0
5,Q6,1544677078.969430,1644425,45,0
14,Q22,1544677079.010186,4380498,98,0
5,Q6,1544677079.038493,4023549,59,0
7,Q12,1544677079.105572,1660797,94,0
12,Q19,1544677079.105573,1046560,55,0
5,Q6,1544677079.106707,4315171,8,0
1,Q1,1544677079.106707,266747,70,0
6,Q11,1544677079.108980,7230325,66,0
9,Q16,1544677079.163561,3202778,9,0
11,Q18,1544677079.163562,7724732,58,0
2,Q2,1544677079.163562,1453622,83,0
5,Q6,1544677079.163562,3898549,26,0
5,Q6,1544677079.163562,1183180,80,0
4,Q4,1544677079.165840,276137,0,0
13,Q21,1544677079.215741,4206267,86,0
6,Q11,1544677079.273648,7065738,70,0
13,Q21,1544677079.342743,1274403,0,0
13,Q21,1544677079.578243,7303738,4,0
11,Q18,1544677079.635131,3433077,29,0
14,Q22,1544677079.635131,711631,3,0
7,Q12,1544677079.637409,581118,37,0
6,Q11,1544677079.637409,2727461,54,0
13,Q21,1544677079.637409,3784700,44,0
12,Q19,1544677079.638541,2184475,17,0
2,Q2,1544677079.638541,6704451,74,0
4,Q4,1544677080.052581,6835453,55,0
4,Q4,1544677080.118518,2949609,37,0
6,Q11,1544677080.247031,279723,80,0
4,Q4,1544677080.247032,170353,3,0
2,Q2,1544677080.317478,2048236,3,0
5,Q6,1544677080.427792,2994038,80,0
7,Q12,1544677080.435735,6446281,35,0
6,Q11,1544677080.435735,1387189,67,0
4,Q4,1544677080.435735,5907236,65,0
12,Q19,1544677080.435736,2632390,40,0
14,Q22,1544677080.494859,6387117,90,0
13,Q21,1544677080.494859,194756,21,0
5,Q6,1544677080.494859,1328050,19,0
5,Q6,1544677080.494859,194083,41,0
8,Q14,1544677080.494860,1424072,31,0
2,Q2,1544677080.494860,1871188,49,0
5,Q6,1544677080.494860,2573251,51,0
14,Q22,1544677080.494860,5964007,77,0
8,Q14,1544677080.494860,744461,78,0
11,Q18,1544677080.494861,5854569,76,0
1,Q1,1544677080.494861,1871163,87,0
6,Q11,1544677080.497123,5961837,16,0
13,Q21,1544677080.514165,1588731,47,0
5,Q6,1544677080.514166,5835101,75,0
1,Q1,1544677080.514166,6373903,50,0
14,Q22,1544677080.514166,2554007,96,0
14,Q22,1544677080.514166,725119,45,0
9,Q16,1544677080.514167,1463148,61,0
5,Q6,1544677080.517573,1848486,0,0
13,Q21,1544677080.517573,5941297,83,0
13,Q21,1544677080.588180,5754899,41,0
5,Q6,1544677080.589318,1513554,21,0
9,Q16,1544677080.666395,6283812,97,0
4,Q4,1544677080.666395,2401856,94,0
5,Q6,1544677080.666395,1143331,46,0
13,Q21,1544677080.751941,1438340,64,0
2,Q2,1544677080.751942,2483661,57,0
7,Q12,1544677080.755356,5703786,48,0
1,Q1,1544677080.755357,5593851,24,0
4,Q4,1544677080.755357,6193253,11,0
5,Q6,1544677080.755357,1347641,14,0
7,Q12,1544677080.758785,3666178,12,0
7,Q12,1544677080.758785,1051008,6,0
6,Q11,1544677081.139106,1051189,45,0
4,Q4,1544677081.139107,2096520,78,0
6,Q11,1544677081.709227,4749904,46,0
6,Q11,1544677081.709234,4640059,6,0
13,Q21,1544677081.722412,5226198,19,0
2,Q2,1544677081.722412,503487,67,0
13,Q21,1544677081.722412,2702650,17,0
13,Q21,1544677081.817938,192675,31,0
2,Q2,1544677081.877245,489305,61,0
9,Q16,1544677081.910182,1381996,31,0
14,Q22,1544677082.003171,4346030,21,0
6,Q11,1544677082.003171,4455986,47,0
14,Q22,1544677082.003171,363410,14,0
7,Q12,1544677082.091115,4857502,64,0
2,Q2,1544677082.091115,2337055,45,0
12,Q19,1544677082.126297,1013967,67,0
2,Q2,1544677082.265833,2252419,54,0
2,Q2,1544677082.265833,225319,3,0
7,Q12,1544677082.266930,4192490,87,0
8,Q14,1544677082.266930,4082395,49,0
5,Q6,1544677082.266930,193234,0,0
4,Q4,1544677082.266930,4681704,9,0
2,Q2,1544677082.266931,2163861,61,0
13,Q21,1544677082.266931,2131922,14,0
5,Q6,1544677082.363111,219276,62,0
7,Q12,1544677082.363111,2155121,95,0
2,Q2,1544677082.363624,4098915,0,0
6,Q11,1544677082.390385,4912818,3,0
13,Q21,1544677082.482413,194353,62,0
2,Q2,1544677082.576292,4372809,62,0
8,Q14,1544677082.779708,1651071,15,0
12,Q19,1544677082.779708,1619144,32,0
4,Q4,1544677082.783066,203532,79,0
5,Q6,1544677082.783066,1735147,56,0
2,Q2,1544677082.785291,3680010,93,0
9,Q16,1544677082.786406,6824329,22,0
6,Q11,1544677082.788645,4160484,89,0
5,Q6,1544677082.788645,222763,73,0
4,Q4,1544677082.790868,1639955,53,0
2,Q2,1544677082.790868,1610947,20,0
1,Q1,1544677082.843336,310388,33,0
14,Q22,1544677082.845568,1672727,10,0
11,Q18,1544677082.886769,3583935,79,0
13,Q21,1544677082.911107,6698084,73,0
1,Q1,1544677082.961923,269089,2,0
6,Q11,1544677082.961923,3987192,59,0
14,Q22,1544677082.961923,3077224,26,0
1,Q1,1544677082.967405,423378,51,0
7,Q12,1544677082.967406,1550915,40,0
5,Q6,1544677082.967406,1434413,37,0
4,Q4,1544677082.967406,3503206,96,0
5,Q6,1544677082.967406,6641773,29,0
13,Q21,1544677082.967406,423294,94,0
13,Q21,1544677083.040549,3908584,67,0
1,Q1,1544677083.053757,2985348,33,0
12,Q19,1544677083.084887,4764818,69,0
6,Q11,1544677083.130959,369510,2,0
5,Q6,1544677083.136455,3046131,57,0
4,Q4,1544677083.136456,3336243,78,0
6,Q11,1544677083.189365,7221711,91,0
4,Q4,1544677083.189365,204065,1,0
1,Q1,1544677083.189365,8540916,38,0
14,Q22,1544677083.189365,2849706,23,0
9,Q16,1544677083.191557,4709999,31,0
11,Q18,1544677083.237625,2951683,28,0
6,Q11,1544677083.237625,3232991,18,0
4,Q4,1544677083.237625,714935,60,0
6,Q11,1544677083.239821,7171260,13,0
11,Q18,1544677083.239821,911641,71,0
13,Q21,1544677083.291330,2747918,63,0
1,Q1,1544677083.291330,8438972,84,0
14,Q22,1544677083.291331,7119725,27,0
14,Q22,1544677083.291331,2891963,85,0
2,Q2,1544677083.291331,3181522,98,0
9,Q16,1544677083.291331,4661760,94,0
1,Q1,1544677083.291331,661244,51,0
4,Q4,1544677083.292425,858756,52,0
11,Q18,1544677083.293521,8443511,1,0
13,Q21,1544677083.315635,2723570,5,0
4,Q4,1544677083.315635,4635131,88,0
5,Q6,1544677083.318942,633622,81,0
1,Q1,1544677083.318943,2870143,34,0
12,Q19,1544677083.318943,7180771,25,0
9,Q16,1544677083.318943,7153020,82,0
9,Q16,1544677083.321188,8470892,72,0
11,Q18,1544677083.321188,1643303,68,0
11,Q18,1544677083.321188,4631811,39,0
5,Q6,1544677083.321188,2718106,92,0
9,Q16,1544677083.321189,7238902,43,0
2,Q2,1544677083.321189,634750,42,0
7,Q12,1544677083.321189,2867916,80,0
2,Q2,1544677083.322309,1642797,8,0
14,Q22,1544677083.322309,7147500,86,0
2,Q2,1544677083.322309,8468309,44,0
9,Q16,1544677083.400541,2702670,2,0
4,Q4,1544677083.852469,2336759,60,0
5,Q6,1544677083.852469,195295,81,0
1,Q1,1544677083.852470,4100263,51,0
1,Q1,1544677083.855754,6702311,42,0
1,Q1,1544677083.947787,6522014,81,0
8,Q14,1544677084.050749,1557875,52,0
12,Q19,1544677084.050749,7739867,71,0
13,Q21,1544677084.299385,8042930,14,0
6,Q11,1544677084.299385,1802428,32,0
4,Q4,1544677084.302667,1886466,20,0
6,Q11,1544677084.302667,278292,37,0
2,Q2,1544677084.325667,6144732,12,0
6,Q11,1544677084.325667,6232343,17,0
13,Q21,1544677084.328952,1279614,45,0
13,Q21,1544677084.331146,7459447,15,0
2,Q2,1544677084.331146,8014566,61,0
5,Q6,1544677084.331146,1896355,53,0
2,Q2,1544677084.417804,2057893,56,0
5,Q6,1544677084.417805,256821,95,0
4,Q4,1544677084.417805,1190737,54,0
5,Q6,1544677084.417805,6140259,10,0
13,Q21,1544677084.417805,6052454,40,0
13,Q21,1544677084.481250,7318427,37,0
5,Q6,1544677084.574218,1653227,95,0
8,Q14,1544677084.865314,7480361,68,0
2,Q2,1544677084.865315,225606,8,0
4,Q4,1544677084.990392,1485267,8,0
7,Q12,1544677085.508590,593298,54,0
8,Q14,1544677085.508590,4961993,45,0
7,Q12,1544677085.508590,5049491,52,0
4,Q4,1544677085.939248,5851334,23,0
9,Q16,1544677085.939248,6464525,33,0
1,Q1,1544677085.939249,742058,26,0
13,Q21,1544677085.939249,194064,5,0
11,Q18,1544677085.939249,4621149,63,0
13,Q21,1544677085.939250,536410,92,0
4,Q4,1544677086.001828,4468499,32,0
14,Q22,1544677086.001829,202546,54,0
5,Q6,1544677086.002964,5787640,2,0
2,Q2,1544677086.034060,650595,5,0
11,Q18,1544677086.065546,6338343,99,0
4,Q4,1544677086.065547,170174,30,0
9,Q16,1544677086.081828,1769794,57,0
2,Q2,1544677086.083005,4479630,85,0
13,Q21,1544677086.088905,5108854,34,0
11,Q18,1544677086.088906,864442,80,0
8,Q14,1544677086.088906,5701924,20,0
1,Q1,1544677086.088906,595681,60,0
7,Q12,1544677086.088906,6314745,28,0
4,Q4,1544677086.103939,202045,54,0
5,Q6,1544677086.127475,4435136,95,0
1,Q1,1544677086.127475,1722298,53,0
9,Q16,1544677086.135702,5122780,30,0
2,Q2,1544677086.206175,1802460,54,0
13,Q21,1544677086.238391,5552438,36,0
9,Q16,1544677086.238391,2130620,7,0
4,Q4,1544677086.238391,6165513,66,0
6,Q11,1544677086.239523,279341,70,0
7,Q12,1544677086.242925,4319975,65,0
1,Q1,1544677086.242925,1606695,74,0
13,Q21,1544677086.242925,6867889,41,0
13,Q21,1544677086.248604,2118994,21,0
5,Q6,1544677086.248604,1759992,24,0
12,Q19,1544677086.248604,6155062,75,0
2,Q2,1544677086.248604,5543413,6,0
14,Q22,1544677086.248605,632563,49,0
13,Q21,1544677086.248605,1601040,76,0
1,Q1,1544677086.358600,1650057,83,0
11,Q18,1544677086.358600,2010702,77,0
9,Q16,1544677086.358601,7669156,16,0
2,Q2,1544677086.359729,5435029,48,0
13,Q21,1544677086.359729,6044345,47,0
6,Q11,1544677086.359729,6751065,46,0
1,Q1,1544677086.359730,521439,87,0
5,Q6,1544677086.361991,1487844,0,0
4,Q4,1544677086.365376,7660268,93,0
14,Q22,1544677086.371022,6739792,96,0
7,Q12,1544677086.371022,1637572,18,0
5,Q6,1544677086.371022,5423391,79,0
4,Q4,1544677086.372149,1996953,78,0
7,Q12,1544677086.373282,6030473,98,0
13,Q21,1544677086.375536,505670,92,0
1,Q1,1544677086.375536,2377314,8,0
1,Q1,1544677086.375536,7650107,56,0
1,Q1,1544677086.418461,6692477,70,0
1,Q1,1544677086.581521,1427159,26,0
11,Q18,1544677086.584933,5214876,60,0
2,Q2,1544677086.584933,3024210,5,0
5,Q6,1544677086.780773,5623463,49,0
13,Q21,1544677086.780774,197280,87,0
14,Q22,1544677086.781987,1970885,92,0
6,Q11,1544677086.781987,6328969,90,0
4,Q4,1544677086.781988,7243681,4,0
4,Q4,1544677086.781988,1226708,35,0
6,Q11,1544677086.787838,9130956,55,0
14,Q22,1544677086.787839,2873482,50,0
13,Q21,1544677086.788997,5615131,58,0
6,Q11,1544677086.848554,1904339,11,0
9,Q16,1544677086.848554,7228940,19,0
7,Q12,1544677086.848554,1104094,64,0
4,Q4,1544677086.848555,6262381,9,0
9,Q16,1544677086.848555,2814904,62,0
4,Q4,1544677086.848555,5555400,59,0
8,Q14,1544677086.848555,9070091,89,0
5,Q6,1544677086.848556,1520713,67,0
7,Q12,1544677086.849695,1103444,97,0
8,Q14,1544677086.853246,1899651,80,0
14,Q22,1544677086.877744,7197852,87,0
11,Q18,1544677087.202561,6271574,3,0
1,Q1,1544677087.749888,619212,74,0
13,Q21,1544677087.749888,8168937,76,0
11,Q18,1544677087.749889,7516724,69,0
4,Q4,1544677087.749889,1911422,53,0
13,Q21,1544677087.749889,1997903,0,0
1,Q1,1544677087.751018,359848,57,0
6,Q11,1544677087.802032,6273461,31,0
9,Q16,1544677087.850582,5679024,88,0
14,Q22,1544677087.852863,8066038,64,0
4,Q4,1544677087.852863,516570,51,0
4,Q4,1544677087.852863,1808467,39,0
2,Q2,1544677087.852863,7416133,94,0
7,Q12,1544677087.852864,737945,97,0
2,Q2,1544677087.908340,6167922,18,0
2,Q2,1544677087.908340,1842806,24,0
2,Q2,1544677087.908340,549969,54,0
13,Q21,1544677087.908340,5619539,83,0
4,Q4,1544677087.908340,8010618,26,0
14,Q22,1544677087.908340,1752970,35,0
4,Q4,1544677088.011568,7257392,57,0
1,Q1,1544677088.267499,657835,21,0
11,Q18,1544677088.269758,1486854,7,0
9,Q16,1544677088.269758,5860022,74,0
6,Q11,1544677088.269758,5258070,78,0
14,Q22,1544677088.269759,289750,67,0
11,Q18,1544677088.269759,7655035,77,0
2,Q2,1544677088.269759,1888205,51,0
4,Q4,1544677088.358125,6910851,54,0
1,Q1,1544677088.458640,466699,67,0
5,Q6,1544677088.490496,1260656,97,0
6,Q11,1544677088.652789,4875040,8,0
4,Q4,1544677088.653884,5473974,92,0
6,Q11,1544677088.653884,7265088,11,0
6,Q11,1544677088.653885,277857,80,0
7,Q12,1544677088.825468,1332519,21,0
13,Q21,1544677088.825468,6443618,67,0
7,Q12,1544677088.831197,580421,80,0
12,Q19,1544677089.311952,1477281,80,0
4,Q4,1544677089.509219,4567108,5,0
14,Q22,1544677089.509220,227022,29,0
13,Q21,1544677089.509220,4373559,73,0
9,Q16,1544677089.510354,6469813,22,0
11,Q18,1544677089.561420,793875,35,0
13,Q21,1544677089.561420,775958,50,0
4,Q4,1544677089.561420,5707542,39,0
13,Q21,1544677089.561421,1227786,53,0
13,Q21,1544677089.563679,4564188,62,0
1,Q1,1544677089.636174,4246651,29,0
4,Q4,1544677089.647615,168011,0,0
2,Q2,1544677089.651029,6327304,24,0
13,Q21,1544677089.651029,686323,97,0
1,Q1,1544677089.656730,5612327,7,0
7,Q12,1544677089.715569,1112955,0,0
2,Q2,1544677090.057438,4070871,21,0
1,Q1,1544677090.057438,1911985,51,0
11,Q18,1544677090.238030,801217,50,0
13,Q21,1544677090.238030,3644784,97,0
8,Q14,1544677090.255140,5723124,35,0
2,Q2,1544677090.310808,4961023,27,0
14,Q22,1544677090.310808,883471,91,0
4,Q4,1544677090.310808,168251,13,0
14,Q22,1544677090.369844,3758588,81,0
14,Q22,1544677090.369844,1599608,86,0
4,Q4,1544677090.369844,5407325,40,0
8,Q14,1544677090.369845,1315396,32,0
14,Q22,1544677090.369845,5608502,12,0
1,Q1,1544677090.370976,275208,45,0
2,Q2,1544677090.372113,4902392,82,0
14,Q22,1544677090.378937,815349,13,0
2,Q2,1544677090.399379,1573517,25,0
13,Q21,1544677090.458216,6418420,17,0
14,Q22,1544677090.458217,5520113,42,0
5,Q6,1544677090.458217,1227028,10,0
4,Q4,1544677090.458217,5318995,52,0
13,Q21,1544677090.460477,277179,43,0
6,Q11,1544677090.460477,4813924,63,0
9,Q16,1544677090.462734,1567157,95,0
1,Q1,1544677090.462735,731563,85,0
14,Q22,1544677090.462735,6413850,65,0
14,Q22,1544677090.546492,5230708,45,0
4,Q4,1544677090.637884,1047375,43,0
9,Q16,1544677090.689063,941647,53,0
4,Q4,1544677090.690159,5288303,80,0
8,Q14,1544677090.728790,4545655,0,0
13,Q21,1544677090.939050,350182,50,0
5,Q6,1544677091.093500,1669254,91,0
13,Q21,1544677091.093503,5783078,13,0
6,Q11,1544677091.093503,4683671,85,0
13,Q21,1544677091.096899,702758,34,0
11,Q18,1544677091.158221,4824130,30,0
7,Q12,1544677091.188879,865855,50,0
14,Q22,1544677091.530179,3744317,53,0
2,Q2,1544677091.584672,1181092,32,0
13,Q21,1544677091.584672,5291940,10,0
1,Q1,1544677091.584672,268534,43,0
11,Q18,1544677091.630935,4266338,38,0
9,Q16,1544677091.630935,990097,84,0
11,Q18,1544677091.690073,2781058,23,0
8,Q14,1544677091.690073,4207069,15,0
1,Q1,1544677091.690073,742056,2,0
14,Q22,1544677091.690073,337453,71,0
5,Q6,1544677091.690074,3584388,44,0
9,Q16,1544677091.690076,5245217,20,0
8,Q14,1544677091.690076,1075664,36,0
2,Q2,1544677091.692337,743049,72,0
4,Q4,1544677091.695736,3578842,48,0
4,Q4,1544677091.695736,331826,79,0
4,Q4,1544677091.699179,1066576,37,0
8,Q14,1544677091.699183,5234741,34,0
1,Q1,1544677091.699183,4197953,60,0
1,Q1,1544677091.753690,2717278,43,0
13,Q21,1544677091.869850,565509,51,0
7,Q12,1544677091.873265,3401466,25,0
4,Q4,1544677091.926763,1775194,71,0
1,Q1,1544677091.927897,268224,79,0
1,Q1,1544677091.930165,5003809,95,0
1,Q1,1544677091.955167,3942016,50,0
4,Q4,1544677092.096860,2374201,79,0
5,Q6,1544677092.245938,373718,68,0
8,Q14,1544677092.245938,6574492,61,0
4,Q4,1544677092.302843,1399149,28,0
1,Q1,1544677092.302843,316721,75,0
6,Q11,1544677092.302844,3594353,98,0
1,Q1,1544677092.302844,4631097,33,0
8,Q14,1544677092.303982,2167017,66,0
5,Q6,1544677092.303985,315677,59,0
8,Q14,1544677092.303985,6516550,47,0
2,Q2,1544677092.303985,393739,58,0
2,Q2,1544677092.305086,1400032,49,0
5,Q6,1544677092.331274,4604106,2,0
14,Q22,1544677092.334678,3562517,51,0
8,Q14,1544677092.334678,2136330,72,0
14,Q22,1544677092.519726,203121,75,0
11,Q18,1544677092.519727,6307169,59,0
5,Q6,1544677092.520862,267305,84,0
11,Q18,1544677092.598363,1112447,58,0
8,Q14,1544677092.623869,4310197,75,0
13,Q21,1544677092.663649,3233622,91,0
5,Q6,1544677092.664841,3170892,36,0
2,Q2,1544677092.665932,224387,37,0
13,Q21,1544677092.687586,6139275,84,0
4,Q4,1544677092.789638,170877,37,0
5,Q6,1544677092.859973,1268329,37,0
4,Q4,1544677093.009850,3925608,46,0
13,Q21,1544677093.009851,3729890,96,0
4,Q4,1544677093.009851,2825857,41,0
5,Q6,1544677093.012083,193222,90,0
8,Q14,1544677093.012084,5814673,9,0
13,Q21,1544677093.106336,193607,90,0
6,Q11,1544677093.199599,928959,90,0
2,Q2,1544677093.373411,3560895,3,0
14,Q22,1544677093.427906,4199993,78,0
13,Q21,1544677093.427906,2407833,8,0
5,Q6,1544677093.429040,194604,88,0
2,Q2,1544677093.523131,5306168,88,0
13,Q21,1544677093.601217,527118,71,0
5,Q6,1544677093.602347,193937,28,0
1,Q1,1544677093.604611,3330911,49,0
9,Q16,1544677093.610270,4075134,58,0
13,Q21,1544677093.696321,2139480,28,0
6,Q11,1544677093.783831,344483,97,0
2,Q2,1544677093.783831,5048141,29,0
4,Q4,1544677093.924864,203598,93,0
4,Q4,1544677093.924864,209716,56,0
14,Q22,1544677093.927127,3870233,16,0
4,Q4,1544677093.974845,1860931,31,0
4,Q4,1544677093.975976,168341,18,0
4,Q4,1544677093.975976,4856055,5,0
4,Q4,1544677093.977110,210139,19,0
4,Q4,1544677094.027999,953444,62,0
6,Q11,1544677094.028000,3769515,37,0
9,Q16,1544677094.028000,1868656,97,0
4,Q4,1544677094.028003,185414,71,0
2,Q2,1544677094.028003,283843,81,0
2,Q2,1544677094.029103,4805542,93,0
9,Q16,1544677094.029104,1023337,90,0
4,Q4,1544677094.033672,3763878,56,0
6,Q11,1544677094.043976,1850269,18,0
2,Q2,1544677094.113183,225703,71,0
9,Q16,1544677094.211871,4675267,81,0
1,Q1,1544677094.238004,269073,71,0
1,Q1,1544677094.371151,780890,43,0
6,Q11,1544677094.371152,3426412,72,0
5,Q6,1544677094.371152,1940005,23,0
4,Q4,1544677094.406671,171326,71,0
13,Q21,1544677094.477812,4408016,71,0
2,Q2,1544677094.880832,226198,62,0
14,Q22,1544677094.953110,302275,90,0
14,Q22,1544677095.052172,2745396,43,0
1,Q1,1544677095.155201,1156056,90,0
11,Q18,1544677095.168349,819335,39,0
1,Q1,1544677095.168349,268833,54,0
4,Q4,1544677095.168349,168496,94,0
1,Q1,1544677095.169445,2628187,67,0
2,Q2,1544677095.171635,1142938,27,0
9,Q16,1544677095.173829,1102100,0,0
13,Q21,1544677095.173829,2409695,53,0
1,Q1,1544677095.173829,331134,82,0
13,Q21,1544677095.174923,2622638,25,0
5,Q6,1544677095.236288,1078186,94,0
7,Q12,1544677095.404904,2719429,82,0
13,Q21,1544677095.676617,1906960,45,0
1,Q1,1544677095.676617,305679,52,0
2,Q2,1544677095.735780,1692364,41,0
7,Q12,1544677095.735781,2388574,36,0
1,Q1,1544677095.735781,3231673,8,0
7,Q12,1544677095.793843,1789759,18,0
2,Q2,1544677095.796055,478971,97,0
9,Q16,1544677095.797151,1685701,50,0
12,Q19,1544677095.797151,1786511,98,0
4,Q4,1544677095.797152,2327187,91,0
6,Q11,1544677095.819072,455485,55,0
14,Q22,1544677095.819072,1610862,64,0
13,Q21,1544677095.819072,2305258,11,0
6,Q11,1544677095.878221,3032916,35,0
14,Q22,1544677095.878221,471211,42,0
2,Q2,1544677095.878222,1603553,80,0
9,Q16,1544677095.882606,2300469,52,0
5,Q6,1544677095.888093,3023014,39,0
5,Q6,1544677096.174529,267984,55,0
13,Q21,1544677096.210682,1604104,23,0
14,Q22,1544677096.213968,2546371,94,0
6,Q11,1544677096.249676,2661482,42,0
13,Q21,1544677096.342392,193767,55,0
1,Q1,1544677096.776162,1038657,65,0
4,Q4,1544677096.776163,1984214,10,0
13,Q21,1544677096.834200,2076966,34,0
13,Q21,1544677096.834200,191775,33,0
2,Q2,1544677096.834201,983561,3,0
4,Q4,1544677096.835295,1925024,2,0
9,Q16,1544677096.836386,2132375,49,0
6,Q11,1544677096.925738,280433,33,0
2,Q2,1544677097.330043,850872,64,0
14,Q22,1544677097.382630,1377680,50,0
5,Q6,1544677097.483697,200342,98,0
14,Q22,1544677097.583436,597148,98,0
6,Q11,1544677097.697623,1062708,16,0
5,Q6,1544677097.697623,193694,43,0
14,Q22,1544677097.697623,483291,67,0
2,Q2,1544677097.714062,1049289,23,0
14,Q22,1544677098.024072,201818,11,0
8,Q14,1544677098.024072,591615,91,0
5,Q6,1544677098.081054,804757,67,0
1,Q1,1544677098.125960,268530,11,0
14,Q22,1544677098.660588,225205,2,0
7,Q12,1544677098.660588,674749,94,0
7,Q12,1544677098.662777,583945,23,0
1,Q1,1544677098.726307,305476,9,0
14,Q22,1544677098.731783,711905,29,0
1,Q1,1544677098.785469,480441,67,0
5,Q6,1544677098.810666,633032,34,0
4,Q4,1544677098.868701,397188,49,0
13,Q21,1544677099.234751,304123,94,0
